column_1,column_2,column_3,column_4,column_5,column_6,column_7,column_8,column_9,column_10,column_11,column_12,column_13,column_14,column_15,column_16,column_17,column_18,column_19,column_20,column_21,column_22,column_23,column_24,column_25,column_26,column_27,column_28,column_29,column_30,column_31,column_32,column_33,column_34,column_35,column_36,column_37,column_38,column_39,column_40,column_41,column_42,column_43,column_44,column_45,column_46,column_47,column_48
2024-07-20T04:49:00.000000,9.26321,15.135,18.161,1.57332,2.26502,2.82282,3.82893,6.26529,7.95962,0.78336,1.0478,1.15413,0.01083,0.01202,0.01485,0.00727,0.00709,0.00828,0.00962,0.01012,0.01244,0.00709,0.00693,0.00804,27.30999,658.89001,22.78,26.70001,662.65997,260.0047,260.0047,260.0047,1642134.0,1975831.0,1450040.0,16799.73047,23060.5,21796.53906,11537.63965,13604.61035,12146.99023,18.42041,20.09483,4.99347,0.0,b'\x00\x00\x00',60
2024-07-20T04:58:00.000000,19.15548,32.48176,39.93173,3.56433,5.69857,5.75724,19.56027,32.01113,39.36153,3.9037,5.26525,5.6148,0.01264,0.01452,0.01832,0.00757,0.00752,0.00878,0.01223,0.01413,0.01774,0.00747,0.00747,0.00871,27.35,659.01001,23.43,26.72,662.79999,190.0025,190.0025,190.0025,1645428.0,1976009.0,1453387.0,20083.18945,27633.34961,26301.66992,12285.55957,14613.26953,12783.09961,18.3252,20.15194,5.02985,0.0,b'\x00\x00\x00',60
2024-07-20T04:35:00.000000,3.42365,4.75905,7.04715,0.88611,1.03732,1.16541,3.09442,5.15754,6.64655,0.66073,0.90283,0.97204,0.00944,0.00988,0.01212,0.00714,0.00692,0.00807,0.0095,0.00995,0.01222,0.00707,0.00691,0.00801,27.27999,658.71997,23.03,26.58001,662.39001,216.67,216.67,216.67,1640807.0,1970547.0,1445676.0,14870.45996,18983.5293,17768.74023,11091.94043,13337.44043,11796.40039,18.27393,20.2376,4.98788,0.0,b'\x00\x00\x00',60
2024-07-20T04:57:00.000000,21.07143,33.29118,40.58765,3.56474,5.40111,5.88009,18.40438,30.40657,37.54521,3.46976,4.87792,5.3647,0.01216,0.01421,0.01783,0.00743,0.00747,0.00873,0.01204,0.01388,0.01743,0.00742,0.00742,0.00867,27.33999,658.98999,23.46,26.76,662.72998,193.33591,193.33591,193.33591,1644112.0,1972263.0,1449716.0,19854.2207,27865.91992,26458.91016,11712.92969,14713.46973,12539.33008,18.30322,20.03772,4.99943,0.0,b'\x00\x00\x00',60
2024-07-20T04:32:00.000000,2.95084,5.0479,5.66741,0.88516,1.21345,0.86977,3.13863,5.23579,6.7005,0.609,0.91195,0.94625,0.00946,0.00996,0.01205,0.00704,0.00688,0.00799,0.0095,0.00996,0.01223,0.00706,0.00691,0.00801,27.27999,658.71002,22.37,26.55001,662.45001,223.33681,223.33681,223.33681,1644604.0,1973791.0,1450551.0,15030.7998,18754.58984,17695.2207,11061.88965,13233.91992,11579.37988,18.20801,19.83784,5.00684,0.0,b'\x00\x00\x00',60
2024-07-20T04:33:00.000000,2.89666,5.23666,5.66842,0.42892,0.65045,0.84379,3.10066,5.20786,6.66668,0.61188,0.89893,0.93548,0.00939,0.00987,0.01212,0.00707,0.00688,0.00797,0.0095,0.00995,0.01222,0.00707,0.00691,0.008,27.27999,658.79999,22.58,26.55999,662.46002,220.0034,220.0034,220.0034,1645608.0,1975054.0,1449911.0,14372.78027,18574.11914,17964.23047,11065.23047,12935.03027,11569.36035,18.27393,19.5523,5.00041,0.0,b'\x00\x00\x00',60
2024-07-20T05:00:00.000000,21.9374,34.6876,43.98662,4.68425,5.91812,5.88387,20.94886,33.55706,41.92654,4.00634,5.46707,5.95276,0.01275,0.01467,0.0184,0.00744,0.0075,0.00881,0.01246,0.01437,0.01817,0.00748,0.00749,0.00876,27.36001,659.07001,23.59,26.74999,662.71997,233.3371,233.3371,233.3371,1643611.0,1975311.0,1448627.0,19332.78906,28950.21094,27102.99023,11871.51953,14262.55957,12889.9502,18.31787,19.95206,4.99988,0.0,b'\x00\x00\x00',60
2024-07-20T04:36:00.000000,2.74098,4.75865,6.0385,1.19954,1.03565,0.89769,3.11444,5.15011,6.60721,0.64048,0.89262,0.96856,0.00955,0.00993,0.0121,0.00702,0.0069,0.008,0.0095,0.00995,0.01221,0.00707,0.00691,0.00801,27.27999,658.77002,23.36,26.58001,662.47998,206.66969,206.66969,206.66969,1641908.0,1975629.0,1452766.0,15794.11035,18555.74023,17183.98047,11379.05957,13232.25,11756.33008,18.2373,19.75218,4.9942,0.0,b'\x00\x00\x00',60
2024-07-20T04:44:00.000000,3.90851,4.882,6.43329,0.69024,1.18923,0.85177,3.09358,5.06227,6.49051,0.66475,0.90166,0.94109,0.00943,0.00993,0.0122,0.00704,0.00692,0.00799,0.0095,0.00993,0.01219,0.00707,0.00691,0.00801,27.29,658.90002,22.84,26.64999,662.65997,196.6694,196.6694,196.6694,1646004.0,1976361.0,1451243.0,14725.16016,18776.31055,17371.09961,11125.32031,13197.17969,11801.41016,18.41309,19.95206,5.01199,0.0,b'\x00\x00\x00',60
2024-07-20T04:59:00.000000,22.04405,34.497,42.84417,4.72619,5.69897,5.88054,20.27851,32.86376,41.1515,4.12659,5.44614,5.79383,0.01263,0.01455,0.01851,0.00757,0.00755,0.00875,0.01235,0.01426,0.01804,0.0075,0.00749,0.00873,27.35,659.06,23.48,26.76,662.71997,193.33591,193.33591,193.33591,1645584.0,1975392.0,1449189.0,19396.30078,26850.36914,26843.67969,11811.41992,14349.40039,12963.41992,18.33984,20.03772,4.99952,0.0,b'\x00\x00\x00',60
2024-07-20T04:37:00.000000,3.43263,5.03341,5.9264,0.27716,0.81207,0.89836,3.10754,5.12853,6.593,0.66958,0.89525,0.94946,0.00948,0.00988,0.01217,0.00714,0.00691,0.00796,0.0095,0.00994,0.01221,0.00707,0.00691,0.00801,27.27999,658.87,23.01,26.6,662.54999,190.0025,190.0025,190.0025,1643046.0,1973314.0,1448971.0,14960.65039,18691.08984,18208.17969,11288.91016,13267.30957,11696.24023,18.48633,19.95206,5.01836,0.0,b'\x00\x00\x00',60
2024-07-20T04:56:00.000000,17.00445,27.9625,34.69199,4.13493,4.26265,4.79936,17.7352,28.26917,35.1348,3.42207,4.46125,4.94779,0.01248,0.01433,0.01794,0.0075,0.00748,0.00875,0.01193,0.01355,0.01702,0.00741,0.00736,0.00861,27.33999,659.02002,23.32,26.77001,662.67999,210.0031,210.0031,210.0031,1644112.0,1972263.0,1449716.0,21748.06055,26629.55078,25993.88086,11824.78027,14197.42969,12828.17969,18.36182,19.78074,4.97504,0.0,b'\x00\x00\x00',60
2024-07-20T04:52:00.000000,8.4111,13.76155,17.72447,1.95351,2.00024,2.40069,6.25059,10.40446,13.63052,1.13091,1.63241,1.86198,0.01014,0.01088,0.01365,0.00711,0.00703,0.00816,0.01002,0.01077,0.0134,0.00713,0.007,0.00814,27.32,659.07001,22.66,26.72,662.71002,180.0023,180.0023,180.0023,1642728.0,1976426.0,1450282.0,16407.16016,21651.09961,21733.00977,11370.70996,13631.33008,12146.99023,18.35449,19.98061,4.99339,0.0,b'\x00\x00\x00',60
2024-07-20T04:38:00.000000,3.54506,4.75622,6.34376,1.18075,0.91458,0.64205,3.13828,5.13799,6.55604,0.69002,0.88807,0.95369,0.00957,0.00997,0.01211,0.00712,0.00689,0.00802,0.0095,0.00994,0.0122,0.00707,0.00691,0.00801,27.27999,658.79999,22.94,26.61001,662.48999,220.0034,200.00281,200.00281,1644774.0,1976392.0,1451081.0,15353.15039,19600.18945,17733.65039,10920.00977,12826.50977,11975.03027,18.20068,20.06628,4.99392,0.0,b'\x00\x00\x00',60
2024-07-20T04:48:00.000000,3.19061,5.15146,6.78642,0.59392,0.96319,1.07895,3.41608,5.56881,7.1458,0.69098,0.97105,1.05155,0.01052,0.0115,0.01416,0.00718,0.00708,0.00829,0.00955,0.01001,0.0123,0.00708,0.00692,0.00802,27.30001,658.88,22.64,26.69,662.65002,230.00369,230.00369,230.00369,1642134.0,1975831.0,1450040.0,16726.23047,22508.74023,21514.01953,11475.87988,13714.82031,11928.28027,18.36182,20.26616,5.00554,0.0,b'\x00\x00\x00',60
2024-07-20T04:53:00.000000,12.33759,11.16059,15.15743,0.96119,1.88225,2.00088,8.2316,13.44843,16.62393,1.52854,2.10197,2.37734,0.01103,0.01221,0.01509,0.0073,0.00719,0.00842,0.01035,0.01124,0.0139,0.00718,0.00706,0.00822,27.32,658.94,22.96,26.74002,662.62,240.004,313.34021,313.34021,1643509.0,1972549.0,1450571.0,17867.32031,24488.57031,22443.53906,11579.37988,13753.23047,12215.44043,18.20068,20.00917,4.99312,0.0,b'\x00\x00\x00',60
2024-07-20T04:50:00.000000,11.13258,18.48426,22.27229,2.26491,2.7451,2.79503,4.72662,7.96958,10.42841,0.93209,1.31116,1.40423,0.01087,0.01195,0.01481,0.00725,0.00714,0.00829,0.00977,0.01039,0.01286,0.0071,0.00696,0.00807,27.30999,658.91998,22.84,26.67999,662.53998,220.0034,220.0034,220.0034,1643577.0,1973071.0,1449519.0,16869.90039,21527.39062,21221.48047,11327.30957,13656.37988,12273.87012,18.2373,19.92351,5.01771,0.0,b'\x00\x00\x00',60
2024-07-20T04:54:00.000000,12.33589,22.53003,23.6485,2.50567,3.08541,3.68871,10.95152,18.10701,21.679,1.977,2.77075,2.99975,0.01139,0.01265,0.0159,0.00732,0.00725,0.00843,0.0108,0.01197,0.01475,0.00723,0.00715,0.00831,27.33001,659.0,23.08,26.72,662.81,226.6703,226.6703,253.3378,1642006.0,1977228.0,1449986.0,18427.07031,25881.81055,24112.28906,11801.41016,14092.21973,12258.83984,18.35449,20.00917,5.01149,0.0,b'\x00\x00\x00',60
2024-07-20T04:42:00.000000,2.50195,4.69677,6.17541,0.79482,0.63078,1.08946,3.07402,5.07349,6.48604,0.68003,0.87733,0.92829,0.00944,0.00984,0.01223,0.00709,0.00692,0.00797,0.00949,0.00993,0.01219,0.00707,0.0069,0.008,27.29,658.84998,23.21,26.61001,662.63,210.0031,210.0031,210.0031,1643649.0,1974987.0,1449054.0,15039.15039,18828.11914,18041.08984,11215.45996,13155.44043,11609.42969,18.31787,19.78074,4.96245,0.0,b'\x00\x00\x00',60
2024-07-20T04:39:00.000000,3.54493,5.27338,6.02084,1.04998,0.77546,1.0463,3.11549,5.14246,6.51875,0.71019,0.89739,0.94203,0.00946,0.00997,0.01207,0.00712,0.00693,0.00798,0.0095,0.00994,0.0122,0.00708,0.00691,0.00801,27.27999,658.78003,23.04,26.61999,662.52002,220.0034,220.0034,223.33681,1644142.0,1976327.0,1451599.0,14715.13965,18717.83008,17752.0293,11487.55957,13061.92969,11624.4502,18.28857,20.00917,5.01228,0.0,b'\x00\x00\x00',60
2024-07-20T04:30:00.000000,2.85552,5.37363,6.31331,0.67299,0.80329,1.05222,3.16514,5.24683,6.79169,0.60405,0.91163,0.95742,0.00956,0.00995,0.01225,0.00702,0.00691,0.00798,0.00951,0.00996,0.01224,0.00706,0.00691,0.00801,27.27001,658.69,22.04,26.54,662.42999,213.3365,213.3365,213.3365,1645611.0,1975318.0,1449915.0,15104.29004,18864.88086,17554.88086,11123.65039,13207.2002,11634.46973,18.36182,20.03772,4.98221,0.0,b'\x00\x00\x00',60
2024-07-20T04:40:00.000000,2.87873,5.27283,5.74675,1.06365,1.08374,0.75735,3.12431,5.13663,6.49165,0.69796,0.88115,0.9362,0.00953,0.00992,0.01213,0.00705,0.00687,0.00799,0.0095,0.00994,0.01219,0.00708,0.0069,0.008,27.27999,658.87,23.09,26.63,662.52002,233.3371,233.3371,233.3371,1645060.0,1973854.0,1449767.0,14980.69043,18998.57031,17503.08008,11101.9502,13030.20996,11914.92969,18.33252,19.8664,5.03009,0.0,b'\x00\x00\x00',60
2024-07-20T04:43:00.000000,2.77725,4.44242,6.70605,0.79469,1.02818,0.71657,3.119,5.06301,6.48612,0.67943,0.89496,0.94491,0.00963,0.0099,0.01218,0.00707,0.00694,0.00804,0.0095,0.00993,0.01219,0.00707,0.00691,0.00801,27.29,658.87,23.04,26.64001,662.58002,240.004,240.004,240.004,1642464.0,1974132.0,1450739.0,15187.7998,18669.36914,17914.09961,11162.0498,13157.11035,11771.36035,18.31055,20.06628,5.018,0.0,b'\x00\x00\x00',60
2024-07-20T04:55:00.000000,14.50284,22.52889,34.68917,2.66737,3.54173,3.78727,14.00986,22.96025,28.31476,2.61749,3.4729,3.87918,0.01181,0.0135,0.01695,0.00739,0.00734,0.00858,0.01131,0.01272,0.01587,0.00731,0.00724,0.00845,27.33999,659.0,23.23,26.74002,662.65997,200.00281,200.00281,200.00281,1643764.0,1973745.0,1448720.0,18836.4707,25411.78906,24011.96094,11824.78027,14149.0,12312.26953,18.43506,20.06628,4.98084,0.0,b'\x00\x00\x00',60
2024-07-20T04:31:00.000000,3.46921,5.15653,6.82019,0.23806,0.90524,0.76729,3.15323,5.23698,6.75912,0.61913,0.92762,0.95333,0.00947,0.00993,0.01214,0.0071,0.00695,0.00799,0.00951,0.00996,0.01224,0.00707,0.00691,0.00801,27.27001,658.72998,22.03,26.57,662.35999,190.0025,233.3371,233.3371,1643269.0,1973258.0,1449053.0,15064.2002,18607.53906,17379.44922,11322.2998,13372.50977,11908.25,18.21533,20.15194,5.00687,0.0,b'\x00\x00\x00',60
2024-07-20T04:34:00.000000,2.44015,4.66578,6.06378,0.65672,0.67131,0.72127,3.11834,5.18169,6.67991,0.62794,0.89046,0.94722,0.00955,0.00988,0.01229,0.0071,0.00689,0.00804,0.0095,0.00995,0.01223,0.00707,0.00691,0.00801,27.27999,658.76001,22.75,26.55001,662.46002,213.3365,213.3365,213.3365,1645608.0,1975054.0,1449911.0,15072.5498,19045.35938,18154.71094,11101.9502,13297.37012,11811.41992,18.43506,19.72363,5.00657,0.0,b'\x00\x00\x00',60
2024-07-20T04:47:00.000000,2.76488,4.70591,6.79006,0.46146,0.7888,0.97391,3.0818,5.02552,6.46097,0.64061,0.89592,0.9522,0.00951,0.00995,0.01224,0.00706,0.00692,0.00803,0.0095,0.00993,0.01219,0.00707,0.00691,0.00801,27.30001,658.92999,22.58,26.66,662.59003,190.0025,190.0025,190.0025,1645917.0,1978157.0,1451155.0,15147.70996,19118.89062,17640.08984,11257.2002,13516.11035,11701.24023,18.28857,20.20905,5.02981,0.0,b'\x00\x00\x00',60
2024-07-20T04:45:00.000000,2.6627,5.0406,6.52874,0.41216,1.01986,0.85159,3.09449,5.03866,6.45422,0.65398,0.89877,0.94306,0.0095,0.00986,0.01208,0.00705,0.0069,0.00802,0.0095,0.00993,0.01219,0.00707,0.00691,0.00801,27.30001,658.87,22.69,26.64999,662.70001,193.33591,193.33591,193.33591,1641781.0,1977829.0,1453138.0,15110.96973,18938.41016,17267.50977,11070.24023,13290.69043,11457.50977,18.36914,19.92351,5.00608,0.0,b'\x00\x00\x00',60
2024-07-20T04:41:00.000000,3.31483,4.99125,6.12187,0.20634,0.58556,0.81417,3.09287,5.11271,6.47544,0.67411,0.86777,0.94289,0.0094,0.00988,0.01214,0.00702,0.00687,0.00803,0.0095,0.00994,0.01219,0.00707,0.0069,0.00801,27.29,658.85999,23.27,26.63,662.58002,236.67059,236.67059,236.67059,1643649.0,1974987.0,1449054.0,15126.0,18644.30078,17738.66016,11302.26953,13021.86035,11742.98047,18.33252,20.00917,4.98755,0.0,b'\x00\x00\x00',60
2024-07-20T04:46:00.000000,3.12583,4.70531,5.80303,0.46128,0.84239,1.02063,3.07666,5.02226,6.43994,0.64367,0.89245,0.94373,0.00944,0.00988,0.01217,0.00705,0.00689,0.00801,0.00949,0.00993,0.01219,0.00707,0.00691,0.00801,27.30001,658.96002,22.74,26.66,662.60999,250.00439,250.00439,230.00369,1642333.0,1977391.0,1450278.0,14686.75,19240.88086,17842.25977,11273.88965,13277.33008,11751.33008,18.14209,19.75218,5.01134,0.0,b'\x00\x00\x00',60
2024-07-20T04:51:00.000000,11.37745,18.03499,22.00201,2.08107,2.74525,2.39721,5.89008,9.94137,12.91995,1.21485,1.47862,1.7961,0.01038,0.01129,0.01409,0.00723,0.00705,0.00822,0.00996,0.01069,0.01328,0.00714,0.00698,0.00813,27.30999,659.03003,22.8,26.74002,662.79999,193.33591,193.33591,193.33591,1640956.0,1973428.0,1447089.0,16002.91016,21044.28906,20049.76953,11170.38965,13268.98047,11898.23047,18.2666,20.18049,4.99898,0.0,b'\x00\x00\x00',60
