,Power factor(%),Total cumulative energy(T1+T2)(kWh),B phase current(A),Time,C phase current(A),B phase power factor(%),A phase power factor(%),A phase active power(kW),B phase active power(kW),Meter No.,T1 active energy(+)(kWh),C phase power factor(%),Apparent power(+)(kVA),Active power(+)(kW),B phase voltage(V),A phase voltage(V),A phase apparent power(kVA),C phase active power(kW),C phase apparent power(kVA),B phase apparent power(kVA),C phase voltage(V),T2 active energy(+)(kWh),ROW_NUMBER,A phase current(A)
0,,,4.5,2024-01-09 05:00:00,0.38,0.965,0.87,,,40016115960,,0.196,,,238.0,241.0,,,,,243.0,,1,0.19
1,,,4.51,2024-01-09 04:00:00,0.38,0.965,0.875,,,40016115960,,0.197,,,238.0,240.0,,,,,242.0,,2,0.19
2,,,4.44,2024-01-09 03:00:00,0.39,0.963,0.867,,,40016115960,,0.194,,,242.0,244.0,,,,,245.0,,3,0.19
3,,34334.416,4.5,2024-01-09 02:00:00,0.38,0.964,0.864,,,40016115960,15754.481,0.193,,1.0966,241.0,243.0,,,,,245.0,18579.935,4,0.19
4,0.939,34333.33,4.45,2024-01-09 01:00:00,0.39,0.962,0.863,,,40016115960,15753.395,0.193,1.1586,1.0879,242.0,244.0,,,,,246.0,18579.935,5,0.19
5,0.939,34332.244,4.42,2024-01-09 12:00:00,0.39,0.962,0.862,,,40016115960,15752.309,0.192,1.149,1.0789,242.0,244.0,,,,,246.0,18579.935,6,0.19
6,0.938,34331.165,4.49,2024-01-09 11:00:00,0.38,0.963,0.864,,,40016115960,15751.23,0.193,1.1631,1.091,241.0,243.0,,,,,245.0,18579.935,7,0.19
7,0.937,34330.079,4.47,2024-01-09 10:00:00,0.38,0.962,0.86,,,40016115960,15750.144,0.191,1.1618,1.0886,241.0,243.0,,,,,245.0,18579.935,8,0.19
8,0.941,34328.993,4.44,2024-01-09 09:00:00,0.38,0.962,0.861,,,40016115960,15749.058,0.192,1.1469,1.0792,241.0,243.0,,,,,245.0,18579.935,9,0.19
9,0.94,34327.907,4.5,2024-01-09 08:00:00,0.38,0.964,0.865,,,40016115960,15747.972,0.194,1.1498,1.0808,238.0,240.0,,,,,243.0,18579.935,10,0.19
10,0.949,34326.824,,2024-01-09 07:00:00,,,,,,40016115960,15747.971,,1.143,1.0847,,,,,,,,18578.853,11,
11,0.945,34325.739,,2024-01-09 06:00:00,,,,,,40016115960,15747.971,,1.1417,1.0789,,,,,,,,18577.768,12,
12,0.941,34324.654,,2024-01-09 05:00:00,,,,,,40016115960,15747.971,,1.1542,1.0861,,,,,,,,18576.683,13,
13,0.94,,,2024-01-09 04:00:00,,,,,,40016115960,,,,,,,,,,,,,14,
14,,,4.52,2024-01-08 05:00:00,0.38,0.966,0.875,,,40016115960,,0.197,,,237.0,240.0,,,,,242.0,,15,0.19
15,,,4.5,2024-01-08 04:00:00,0.38,0.965,0.875,,,40016115960,,0.197,,,239.0,241.0,,,,,243.0,,16,0.19
16,,,4.49,2024-01-08 03:00:00,0.38,0.965,0.87,,,40016115960,,0.195,,,240.0,242.0,,,,,244.0,,17,0.19
17,,34308.361,4.48,2024-01-08 02:00:00,0.38,0.963,0.863,,,40016115960,15739.282,0.193,,1.0949,242.0,244.0,,,,,245.0,18569.079,18,0.19
18,0.937,34307.272,4.44,2024-01-08 01:00:00,0.38,0.962,0.863,,,40016115960,15738.193,0.192,1.1531,1.0805,241.0,243.0,,,,,245.0,18569.079,19,0.19
19,0.935,34306.189,4.5,2024-01-08 12:00:00,0.38,0.963,0.862,,,40016115960,15737.11,0.193,1.1681,1.0922,241.0,243.0,,,,,244.0,18569.079,20,0.19
20,0.936,34305.103,4.49,2024-01-08 11:00:00,0.38,0.963,0.86,,,40016115960,15736.024,0.193,1.1614,1.0871,240.0,243.0,,,,,244.0,18569.079,21,0.19
21,0.938,34304.018,4.5,2024-01-08 10:00:00,0.38,0.963,0.858,,,40016115960,15734.939,0.192,1.1542,1.0826,239.0,241.0,,,,,243.0,18569.079,22,0.19
22,0.94,34302.933,4.46,2024-01-08 09:00:00,0.38,0.962,0.857,,,40016115960,15733.854,0.192,1.1473,1.0785,240.0,242.0,,,,,245.0,18569.079,23,0.19
23,0.938,34301.847,4.5,2024-01-08 08:00:00,0.38,0.964,0.859,,,40016115960,15732.768,0.193,1.1585,1.0867,240.0,242.0,,,,,245.0,18569.079,24,0.19
24,0.941,34300.764,,2024-01-08 07:00:00,,,,,,40016115960,15732.767,,1.1547,1.0866,,,,,,,,18567.997,25,
25,0.943,34299.681,,2024-01-08 06:00:00,,,,,,40016115960,15732.767,,1.1463,1.081,,,,,,,,18566.914,26,
26,0.946,34298.598,,2024-01-08 05:00:00,,,,,,40016115960,15732.767,,1.1392,1.0777,,,,,,,,18565.831,27,
27,0.941,,,2024-01-08 04:00:00,,,,,,40016115960,,,,,,,,,,,,,28,
28,,,4.5,2024-01-07 05:00:00,0.38,0.965,0.877,,,40016115960,,0.197,,,237.0,240.0,,,,,242.0,,29,0.19
29,,,4.5,2024-01-07 04:00:00,0.37,0.964,0.877,,,40016115960,,0.196,,,239.0,242.0,,,,,243.0,,30,0.19
30,,,4.53,2024-01-07 03:00:00,0.38,0.964,0.872,,,40016115960,,0.193,,,241.0,244.0,,,,,245.0,,31,0.19
31,,34282.321,4.48,2024-01-07 02:00:00,0.38,0.962,0.864,,,40016115960,15732.767,0.191,,1.0966,243.0,245.0,,,,,246.0,18549.554,32,0.19
32,0.936,34281.234,4.41,2024-01-07 01:00:00,0.38,0.961,0.865,,,40016115960,15732.767,0.191,1.1488,1.0753,242.0,244.0,,,,,246.0,18548.467,33,0.19
33,0.937,34280.151,4.41,2024-01-07 12:00:00,0.38,0.961,0.863,,,40016115960,15732.767,0.19,1.1511,1.0786,243.0,245.0,,,,,247.0,18547.384,34,0.19
34,0.939,34279.068,4.43,2024-01-07 11:00:00,0.38,0.961,0.86,,,40016115960,15732.767,0.19,1.1495,1.0794,242.0,244.0,,,,,246.0,18546.301,35,0.19
35,0.937,34277.987,4.49,2024-01-07 10:00:00,0.38,0.963,0.866,,,40016115960,15732.767,0.193,1.1527,1.0801,239.0,241.0,,,,,243.0,18545.22,36,0.19
36,0.937,34276.905,4.47,2024-01-07 09:00:00,0.39,0.963,0.86,,,40016115960,15732.767,0.191,1.154,1.0813,240.0,243.0,,,,,246.0,18544.138,37,0.19
37,0.941,34275.825,4.48,2024-01-07 08:00:00,0.39,0.964,0.861,,,40016115960,15732.767,0.192,1.1495,1.0817,240.0,243.0,,,,,245.0,18543.058,38,0.19
38,0.94,34274.744,,2024-01-07 07:00:00,,,,,,40016115960,15732.767,,1.1515,1.0824,,,,,,,,18541.977,39,
39,0.943,34273.661,,2024-01-07 06:00:00,,,,,,40016115960,15732.767,,1.1418,1.0767,,,,,,,,18540.894,40,
40,0.94,34272.58,,2024-01-07 05:00:00,,,,,,40016115960,15732.767,,1.1481,1.0792,,,,,,,,18539.813,41,
41,0.94,,,2024-01-07 04:00:00,,,,,,40016115960,,,,,,,,,,,,,42,
42,,34256.354,,2024-01-06 02:00:00,,,,,,40016115960,15732.767,,,1.0904,,,,,,,,18523.587,43,
43,0.931,34255.268,,2024-01-06 01:00:00,,,,,,40016115960,15731.682,,1.1621,1.0819,,,,,,,,18523.586,44,
44,0.931,34254.188,,2024-01-06 12:00:00,,,,,,40016115960,15730.602,,1.1664,1.0859,,,,,,,,18523.586,45,
45,0.933,34253.101,,2024-01-06 11:00:00,,,,,,40016115960,15729.515,,1.1652,1.0871,,,,,,,,18523.586,46,
46,0.931,34252.012,,2024-01-06 10:00:00,,,,,,40016115960,15728.426,,1.1642,1.0839,,,,,,,,18523.586,47,
47,0.935,34250.921,,2024-01-06 09:00:00,,,,,,40016115960,15727.335,,1.1727,1.0965,,,,,,,,18523.586,48,
48,0.932,34249.817,,2024-01-06 08:00:00,,,,,,40016115960,15726.231,,1.1979,1.1164,,,,,,,,18523.586,49,
49,0.979,34248.595,,2024-01-06 07:00:00,,,,,,40016115960,15726.23,,1.4261,1.3962,,,,,,,,18522.365,50,
50,0.96,34247.167,,2024-01-06 06:00:00,,,,,,40016115960,15726.23,,1.3234,1.2705,,,,,,,,18520.937,51,
51,0.957,34245.77,,2024-01-06 05:00:00,,,,,,40016115960,15726.23,,1.3274,1.2703,,,,,,,,18519.54,52,
52,0.957,,,2024-01-06 04:00:00,,,,,,40016115960,,,,,,,,,,,,,53,
53,,34229.275,,2024-01-05 03:00:00,,,,,,40016115960,15718.688,,,1.079,,,,,,,,18510.587,54,
54,0.944,34228.193,,2024-01-05 02:00:00,,,,,,40016115960,15717.606,,1.1395,1.0757,,,,,,,,18510.587,55,
55,0.941,34227.118,,2024-01-05 01:00:00,,,,,,40016115960,15716.531,,1.1401,1.0728,,,,,,,,18510.587,56,
56,0.938,34226.043,,2024-01-05 12:00:00,,,,,,40016115960,15715.456,,1.1439,1.073,,,,,,,,18510.587,57,
57,0.942,34224.969,,2024-01-05 11:00:00,,,,,,40016115960,15714.382,,1.1395,1.0734,,,,,,,,18510.587,58,
58,0.939,34223.894,,2024-01-05 10:00:00,,,,,,40016115960,15713.307,,1.1439,1.0741,,,,,,,,18510.587,59,
59,0.942,34222.817,,2024-01-05 09:00:00,,,,,,40016115960,15712.23,,1.1448,1.0784,,,,,,,,18510.587,60,
60,0.942,34221.741,,2024-01-05 08:00:00,,,,,,40016115960,15711.154,,1.1459,1.0794,,,,,,,,18510.587,61,
61,0.946,34220.662,,2024-01-05 07:00:00,,,,,,40016115960,15711.153,,1.1399,1.0783,,,,,,,,18509.509,62,
62,0.942,34219.583,,2024-01-05 06:00:00,,,,,,40016115960,15711.153,,1.1395,1.0734,,,,,,,,18508.43,63,
63,0.938,34218.509,,2024-01-05 05:00:00,,,,,,40016115960,15711.153,,1.143,1.0721,,,,,,,,18507.356,64,
64,0.941,,,2024-01-05 04:00:00,,,,,,40016115960,,,,,,,,,,,,,65,
65,,34203.441,,2024-01-04 03:00:00,,,,,,40016115960,15703.611,,,1.0739,,,,,,,,18499.83,66,
66,0.943,34202.361,,2024-01-04 02:00:00,,,,,,40016115960,15702.531,,1.1403,1.0753,,,,,,,,18499.83,67,
67,0.945,34201.287,,2024-01-04 01:00:00,,,,,,40016115960,15701.457,,1.1357,1.0732,,,,,,,,18499.83,68,
68,0.939,34200.211,,2024-01-04 12:00:00,,,,,,40016115960,15700.381,,1.1454,1.0755,,,,,,,,18499.83,69,
69,0.939,34199.134,,2024-01-04 11:00:00,,,,,,40016115960,15699.304,,1.1442,1.0744,,,,,,,,18499.83,70,
70,0.939,34198.059,,2024-01-04 10:00:00,,,,,,40016115960,15698.229,,1.1455,1.0756,,,,,,,,18499.83,71,
71,0.942,34196.984,,2024-01-04 09:00:00,,,,,,40016115960,15697.154,,1.1434,1.0771,,,,,,,,18499.83,72,
72,0.941,34195.908,,2024-01-04 08:00:00,,,,,,40016115960,15696.078,,1.1423,1.0749,,,,,,,,18499.83,73,
73,0.946,34194.833,,2024-01-04 07:00:00,,,,,,40016115960,15696.077,,1.1784,1.1148,,,,,,,,18498.756,74,
74,0.953,34193.567,,2024-01-04 06:00:00,,,,,,40016115960,15696.077,,1.3315,1.2689,,,,,,,,18497.49,75,
75,0.948,34192.294,,2024-01-04 05:00:00,,,,,,40016115960,15696.077,,1.7554,1.6641,,,,,,,,18496.217,76,
76,0.984,,,2024-01-04 04:00:00,,,,,,40016115960,,,,,,,,,,,,,77,
77,,,4.49,2024-01-03 06:00:00,0.38,0.964,0.876,,,40016115960,,0.197,,,241.0,243.0,,,,,245.0,,78,0.19
78,,,4.45,2024-01-03 05:00:00,0.38,0.962,0.874,,,40016115960,,0.195,,,240.0,243.0,,,,,245.0,,79,0.19
79,,,4.44,2024-01-03 04:00:00,0.38,0.961,0.866,,,40016115960,,0.193,,,240.0,243.0,,,,,244.0,,80,0.19
80,,34175.933,4.45,2024-01-03 03:00:00,0.38,0.961,0.865,,,40016115960,15688.521,0.193,,1.0766,240.0,242.0,,,,,244.0,18487.412,81,0.19
81,0.937,34174.85,4.44,2024-01-03 02:00:00,0.38,0.961,0.867,,,40016115960,15687.438,0.193,1.1465,1.0743,240.0,242.0,,,,,244.0,18487.412,82,0.19
82,0.937,34173.771,4.44,2024-01-03 01:00:00,0.38,0.961,0.866,,,40016115960,15686.359,0.192,1.1505,1.078,241.0,243.0,,,,,245.0,18487.412,83,0.19
83,0.938,34172.692,4.48,2024-01-03 12:00:00,0.38,0.962,0.861,,,40016115960,15685.28,0.192,1.1588,1.087,241.0,243.0,,,,,245.0,18487.412,84,0.19
84,0.935,34171.613,4.46,2024-01-03 11:00:00,0.39,0.961,0.854,,,40016115960,15684.201,0.189,1.1621,1.0866,242.0,245.0,,,,,247.0,18487.412,85,0.19
85,0.936,34170.533,4.46,2024-01-03 10:00:00,0.38,0.962,0.858,,,40016115960,15683.121,0.191,1.1575,1.0834,241.0,244.0,,,,,246.0,18487.412,86,0.19
86,0.97,34169.439,4.46,2024-01-03 09:00:00,0.39,0.963,0.825,,,40016115960,15682.027,0.193,1.661,1.6112,240.0,242.0,,,,,245.0,18487.412,87,3.33
87,0.949,34168.055,4.51,2024-01-03 08:00:00,0.38,0.965,0.988,,,40016115960,15680.643,0.194,1.2052,1.1437,237.0,240.0,,,,,243.0,18487.412,88,0.42
88,0.949,34166.79,,2024-01-03 07:00:00,,,,,,40016115960,15680.642,,1.2103,1.1486,,,,,,,,18486.148,89,
89,0.95,34165.521,,2024-01-03 06:00:00,,,,,,40016115960,15680.642,,1.2802,1.2162,,,,,,,,18484.879,90,
90,0.944,34164.257,,2024-01-03 05:00:00,,,,,,40016115960,15680.642,,1.73,1.6331,,,,,,,,18483.615,91,
91,0.985,,,2024-01-03 04:00:00,,,,,,40016115960,,,,,,,,,,,,,92,
92,,,4.51,2024-01-02 06:00:00,0.38,0.965,0.877,,,40016115960,,0.199,,,239.0,241.0,,,,,243.0,,93,0.19
93,,,4.45,2024-01-02 05:00:00,0.38,0.963,0.868,,,40016115960,,0.195,,,242.0,243.0,,,,,245.0,,94,0.19
94,,,4.46,2024-01-02 04:00:00,0.38,0.961,0.867,,,40016115960,,0.194,,,240.0,242.0,,,,,244.0,,95,0.19
95,,34148.18,4.44,2024-01-02 03:00:00,0.38,0.961,0.869,,,40016115960,15673.082,0.194,,1.0754,240.0,242.0,,,,,244.0,18475.098,96,0.19
96,,34147.099,4.43,2024-01-02 02:00:00,0.38,0.961,0.865,,,40016115960,15672.001,0.193,,1.0793,241.0,243.0,,,,,245.0,18475.098,97,0.19
97,,34146.019,4.44,2024-01-02 01:00:00,0.38,0.961,0.866,,,40016115960,15670.921,0.194,,1.0778,241.0,243.0,,,,,245.0,18475.098,98,0.19
98,,34144.939,4.45,2024-01-02 12:00:00,0.38,0.961,0.862,,,40016115960,15669.841,0.192,,1.0834,241.0,243.0,,,,,245.0,18475.098,99,0.19
99,,34143.86,4.45,2024-01-02 11:00:00,0.38,0.961,0.863,,,40016115960,15668.762,0.192,,1.0815,241.0,243.0,,,,,246.0,18475.098,100,0.19
100,,34142.78,4.44,2024-01-02 10:00:00,0.38,0.962,0.862,,,40016115960,15667.682,0.192,,1.0763,240.0,242.0,,,,,245.0,18475.098,101,0.19
101,,34141.701,4.46,2024-01-02 09:00:00,0.38,0.964,0.864,,,40016115960,15666.603,0.193,,1.0796,240.0,242.0,,,,,246.0,18475.098,102,0.19
102,,34140.621,4.54,2024-01-02 08:00:00,0.38,0.967,0.874,,,40016115960,15665.523,0.197,,1.081,235.0,237.0,,,,,242.0,18475.098,103,0.19
103,,34139.543,,2024-01-02 07:00:00,,,,,,40016115960,15665.522,,,1.0756,,,,,,,,18474.021,104,
104,,34138.464,,2024-01-02 06:00:00,,,,,,40016115960,15665.522,,,1.0727,,,,,,,,18472.942,105,
105,,34137.389,,2024-01-02 05:00:00,,,,,,40016115960,15665.522,,,1.076,,,,,,,,18471.867,106,
106,,,4.49,2024-01-01 06:00:00,0.38,0.964,0.874,,,40016115960,,0.196,,,239.0,241.0,,,,,244.0,,107,0.19
107,,,4.46,2024-01-01 05:00:00,0.38,0.964,0.876,,,40016115960,,0.197,,,238.0,241.0,,,,,244.0,,108,0.19
108,,,4.43,2024-01-01 04:00:00,0.38,0.962,0.868,,,40016115960,,0.193,,,241.0,243.0,,,,,246.0,,109,0.19
109,,34122.294,4.45,2024-01-01 03:00:00,0.38,0.963,0.869,,,40016115960,15657.972,0.194,,1.0782,240.0,242.0,,,,,245.0,18464.322,110,0.19
110,0.939,34121.214,4.43,2024-01-01 02:00:00,0.38,0.962,0.864,,,40016115960,15656.892,0.192,1.145,1.0752,240.0,242.0,,,,,245.0,18464.322,111,0.19
111,0.937,34120.137,4.41,2024-01-01 01:00:00,0.38,0.961,0.864,,,40016115960,15655.815,0.191,1.1489,1.0765,242.0,244.0,,,,,246.0,18464.322,112,0.19
112,0.947,34119.06,4.46,2024-01-01 12:00:00,0.38,0.962,0.869,,,40016115960,15654.738,0.194,1.1464,1.0856,242.0,244.0,,,,,246.0,18464.322,113,0.19
113,0.938,34117.977,4.45,2024-01-01 11:00:00,0.38,0.962,0.867,,,40016115960,15653.655,0.193,1.1447,1.0737,240.0,241.0,,,,,244.0,18464.322,114,0.19
114,0.94,34116.9,4.45,2024-01-01 10:00:00,0.38,0.962,0.865,,,40016115960,15652.578,0.192,1.1497,1.0807,241.0,243.0,,,,,246.0,18464.322,115,0.19
115,0.94,34115.821,4.48,2024-01-01 09:00:00,0.39,0.964,0.868,,,40016115960,15651.499,0.193,1.1469,1.0781,239.0,241.0,,,,,245.0,18464.322,116,0.19
116,0.943,34114.743,4.49,2024-01-01 08:00:00,0.38,0.966,0.875,,,40016115960,15650.421,0.197,1.1453,1.08,238.0,239.0,,,,,245.0,18464.322,117,0.19
117,0.94,34113.667,,2024-01-01 07:00:00,,,,,,40016115960,15650.419,,1.1452,1.0765,,,,,,,,18463.248,118,
118,0.939,34112.591,,2024-01-01 06:00:00,,,,,,40016115960,15650.419,,1.1503,1.0801,,,,,,,,18462.172,119,
119,0.942,34111.514,,2024-01-01 05:00:00,,,,,,40016115960,15650.419,,1.1438,1.0775,,,,,,,,18461.095,120,
120,0.943,,,2024-01-01 04:00:00,,,,,,40016115960,,,,,,,,,,,,,121,
121,,,4.47,2023-12-31 06:00:00,0.38,0.966,0.874,,,40016115960,,0.195,,,238.0,241.0,,,,,244.0,,122,0.19
122,,,4.47,2023-12-31 05:00:00,0.38,0.967,0.873,,,40016115960,,0.195,,,239.0,242.0,,,,,244.0,,123,0.19
123,,,4.47,2023-12-31 04:00:00,0.38,0.966,0.87,,,40016115960,,0.194,,,239.0,242.0,,,,,244.0,,124,0.19
124,,34096.428,4.44,2023-12-31 03:00:00,0.39,0.963,0.862,,,40016115960,15650.419,0.19,,1.0851,242.0,245.0,,,,,247.0,18446.009,125,0.19
125,0.941,34095.342,4.46,2023-12-31 02:00:00,0.38,0.964,0.867,,,40016115960,15650.419,0.193,1.1488,1.081,240.0,243.0,,,,,245.0,18444.923,126,0.19
126,0.934,34094.264,4.41,2023-12-31 01:00:00,0.39,0.963,0.862,,,40016115960,15650.419,0.19,1.1521,1.0761,242.0,245.0,,,,,247.0,18443.845,127,0.19
127,0.933,34093.189,4.43,2023-12-31 12:00:00,0.39,0.961,0.86,,,40016115960,15650.419,0.189,1.1522,1.075,241.0,244.0,,,,,246.0,18442.77,128,0.19
128,0.937,34092.111,4.44,2023-12-31 11:00:00,0.39,0.959,0.857,,,40016115960,15650.419,0.188,1.1522,1.0796,242.0,245.0,,,,,248.0,18441.692,129,0.2
129,0.94,34091.035,4.46,2023-12-31 10:00:00,0.39,0.965,0.864,,,40016115960,15650.419,0.192,1.1493,1.0803,239.0,242.0,,,,,245.0,18440.616,130,0.19
130,0.941,34089.954,4.42,2023-12-31 09:00:00,0.38,0.965,0.861,,,40016115960,15650.419,0.19,1.1416,1.0742,240.0,243.0,,,,,247.0,18439.535,131,0.19
131,0.936,34088.877,4.42,2023-12-31 08:00:00,0.39,0.962,0.857,,,40016115960,15650.419,0.189,1.1463,1.0729,241.0,244.0,,,,,248.0,18438.458,132,0.19
132,0.942,34087.805,,2023-12-31 07:00:00,,,,,,40016115960,15650.419,,1.1393,1.0732,,,,,,,,18437.386,133,
133,0.941,34086.73,,2023-12-31 06:00:00,,,,,,40016115960,15650.419,,1.1429,1.0755,,,,,,,,18436.311,134,
134,0.941,34085.654,,2023-12-31 05:00:00,,,,,,40016115960,15650.419,,1.148,1.0803,,,,,,,,18435.235,135,
135,0.936,,,2023-12-31 04:00:00,,,,,,40016115960,,,,,,,,,,,,,136,
136,,,4.48,2023-12-30 06:00:00,0.38,0.963,0.873,,,40016115960,,0.193,,,240.0,243.0,,,,,245.0,,137,0.19
137,,,4.5,2023-12-30 05:00:00,0.38,0.964,0.879,,,40016115960,,0.197,,,238.0,242.0,,,,,243.0,,138,0.19
138,,,4.42,2023-12-30 04:00:00,0.39,0.961,0.864,,,40016115960,,0.19,,,243.0,246.0,,,,,247.0,,139,0.2
139,,34070.547,4.4,2023-12-30 03:00:00,0.39,0.96,0.859,,,40016115960,15650.419,0.188,,1.0772,243.0,247.0,,,,,248.0,18420.128,140,0.19
140,0.939,34069.466,4.44,2023-12-30 02:00:00,0.38,0.962,0.864,,,40016115960,15650.419,0.192,1.143,1.0733,240.0,243.0,,,,,245.0,18419.047,141,0.19
141,0.937,34068.389,4.43,2023-12-30 01:00:00,0.39,0.961,0.862,,,40016115960,15649.344,0.191,1.1464,1.0742,241.0,244.0,,,,,246.0,18419.045,142,0.19
142,0.942,34067.312,4.47,2023-12-30 12:00:00,0.39,0.963,0.862,,,40016115960,15648.267,0.193,1.1445,1.0781,240.0,243.0,,,,,245.0,18419.045,143,0.19
143,0.938,34066.235,4.46,2023-12-30 11:00:00,0.39,0.962,0.859,,,40016115960,15647.19,0.192,1.1495,1.0782,240.0,244.0,,,,,246.0,18419.045,144,0.2
144,0.945,34065.134,4.44,2023-12-30 10:00:00,0.39,0.961,0.826,,,40016115960,15646.089,0.192,1.6989,1.6055,242.0,243.0,,,,,247.0,18419.045,145,3.33
145,0.984,34063.763,4.46,2023-12-30 09:00:00,0.39,0.963,0.983,,,40016115960,15644.718,0.194,1.1707,1.152,239.0,241.0,,,,,245.0,18419.045,146,0.5
146,0.948,34062.489,4.44,2023-12-30 08:00:00,0.39,0.963,0.987,,,40016115960,15643.444,0.192,1.2,1.1376,240.0,243.0,,,,,246.0,18419.045,147,0.41
147,0.952,34061.223,,2023-12-30 07:00:00,,,,,,40016115960,15643.443,,1.2006,1.143,,,,,,,,18417.78,148,
148,0.95,34059.948,,2023-12-30 06:00:00,,,,,,40016115960,15643.443,,1.2681,1.2047,,,,,,,,18416.505,149,
149,0.946,34058.678,,2023-12-30 05:00:00,,,,,,40016115960,15643.443,,1.7419,1.6478,,,,,,,,18415.235,150,
150,0.985,,,2023-12-30 04:00:00,,,,,,40016115960,,,,,,,,,,,,,151,
151,,34042.857,,2023-12-29 03:00:00,,,,,,40016115960,15635.876,,,1.0853,,,,,,,,18406.981,152,
152,0.943,34041.771,,2023-12-29 02:00:00,,,,,,40016115960,15634.79,,1.1472,1.0818,,,,,,,,18406.981,153,
153,0.938,34040.691,,2023-12-29 01:00:00,,,,,,40016115960,15633.71,,1.151,1.0796,,,,,,,,18406.981,154,
154,0.938,34039.611,,2023-12-29 12:00:00,,,,,,40016115960,15632.63,,1.1489,1.0777,,,,,,,,18406.981,155,
155,0.937,34038.531,,2023-12-29 11:00:00,,,,,,40016115960,15631.55,,1.1444,1.0723,,,,,,,,18406.981,156,
156,0.947,34037.443,,2023-12-29 10:00:00,,,,,,40016115960,15630.462,,1.7024,1.6122,,,,,,,,18406.981,157,
157,0.976,34036.112,,2023-12-29 09:00:00,,,,,,40016115960,15629.131,,1.378,1.3449,,,,,,,,18406.981,158,
158,0.948,34034.791,,2023-12-29 08:00:00,,,,,,40016115960,15627.81,,1.1981,1.1358,,,,,,,,18406.981,159,
159,0.95,34033.522,,2023-12-29 07:00:00,,,,,,40016115960,15627.809,,1.1968,1.137,,,,,,,,18405.713,160,
160,0.951,34032.252,,2023-12-29 06:00:00,,,,,,40016115960,15627.809,,1.1953,1.1367,,,,,,,,18404.443,161,
161,0.948,34030.984,,2023-12-29 05:00:00,,,,,,40016115960,15627.809,,1.4546,1.379,,,,,,,,18403.175,162,
162,0.948,,,2023-12-29 04:00:00,,,,,,40016115960,,,,,,,,,,,,,163,
163,,34013.222,,2023-12-28 03:00:00,,,,,,40016115960,15620.188,,,1.0888,,,,,,,,18393.034,164,
164,0.99,34012.127,,2023-12-28 02:00:00,,,,,,40016115960,15619.093,,1.0991,1.0881,,,,,,,,18393.034,165,
165,0.99,34011.035,,2023-12-28 01:00:00,,,,,,40016115960,15618.001,,1.1022,1.0912,,,,,,,,18393.034,166,
166,0.99,34009.944,,2023-12-28 12:00:00,,,,,,40016115960,15616.91,,1.1001,1.0891,,,,,,,,18393.034,167,
167,0.989,34008.853,,2023-12-28 11:00:00,,,,,,40016115960,15615.819,,1.1,1.0879,,,,,,,,18393.034,168,
168,0.991,34007.591,,2023-12-28 10:00:00,,,,,,40016115960,15614.557,,1.1582,1.1478,,,,,,,,18393.034,169,
169,0.991,34006.315,,2023-12-28 09:00:00,,,,,,40016115960,15613.281,,1.1612,1.1507,,,,,,,,18393.034,170,
170,0.991,34005.03,,2023-12-28 08:00:00,,,,,,40016115960,15611.996,,1.2676,1.2562,,,,,,,,18393.034,171,
171,0.991,34003.75,,2023-12-28 07:00:00,,,,,,40016115960,15611.995,,1.5346,1.5208,,,,,,,,18391.755,172,
172,0.948,34002.447,,2023-12-28 06:00:00,,,,,,40016115960,15611.995,,1.7236,1.634,,,,,,,,18390.452,173,
173,0.993,34001.048,,2023-12-28 05:00:00,,,,,,40016115960,15611.995,,1.1627,1.1546,,,,,,,,18389.053,174,
174,0.993,,,2023-12-28 04:00:00,,,,,,40016115960,,,,,,,,,,,,,175,
175,,33984.684,,2023-12-27 03:00:00,,,,,,40016115960,15604.367,,,1.0957,,,,,,,,18380.317,176,
176,0.993,33983.585,,2023-12-27 02:00:00,,,,,,40016115960,15603.268,,1.0983,1.0906,,,,,,,,18380.317,177,
177,0.992,33982.494,,2023-12-27 01:00:00,,,,,,40016115960,15602.177,,1.1038,1.095,,,,,,,,18380.317,178,
178,0.992,33981.401,,2023-12-27 12:00:00,,,,,,40016115960,15601.084,,1.1019,1.0931,,,,,,,,18380.317,179,
179,0.992,33980.305,,2023-12-27 11:00:00,,,,,,40016115960,15599.988,,1.1023,1.0935,,,,,,,,18380.317,180,
180,0.992,33979.213,,2023-12-27 10:00:00,,,,,,40016115960,15598.896,,1.099,1.0902,,,,,,,,18380.317,181,
181,0.992,33978.124,,2023-12-27 09:00:00,,,,,,40016115960,15597.807,,1.0968,1.088,,,,,,,,18380.317,182,
182,0.993,33977.035,,2023-12-27 08:00:00,,,,,,40016115960,15596.718,,1.0971,1.0894,,,,,,,,18380.317,183,
183,0.992,33975.946,,2023-12-27 07:00:00,,,,,,40016115960,15596.716,,1.0903,1.0816,,,,,,,,18379.23,184,
184,0.992,33974.859,,2023-12-27 06:00:00,,,,,,40016115960,15596.716,,1.0948,1.086,,,,,,,,18378.143,185,
185,0.993,33973.766,,2023-12-27 05:00:00,,,,,,40016115960,15596.716,,1.0971,1.0894,,,,,,,,18377.05,186,
186,0.993,,,2023-12-27 04:00:00,,,,,,40016115960,,,,,,,,,,,,,187,
187,,,4.54,2023-12-26 06:00:00,0.38,0.965,0.455,,,40016115960,,0.197,,,238.0,241.0,,,,,243.0,,188,1.09
188,,,4.5,2023-12-26 05:00:00,0.38,0.963,0.453,,,40016115960,,0.194,,,240.0,242.0,,,,,244.0,,189,1.1
189,,,4.48,2023-12-26 04:00:00,0.38,0.963,0.45,,,40016115960,,0.193,,,241.0,244.0,,,,,246.0,,190,1.12
190,,33957.702,4.51,2023-12-26 03:00:00,0.38,0.963,0.449,,,40016115960,15588.485,0.193,,1.1761,240.0,242.0,,,,,244.0,18369.217,191,1.1
191,0.992,33956.52,4.47,2023-12-26 02:00:00,0.39,0.961,0.447,,,40016115960,15587.303,0.192,1.1829,1.1734,242.0,244.0,,,,,246.0,18369.217,192,1.11
192,0.992,33955.347,4.5,2023-12-26 01:00:00,0.39,0.962,0.447,,,40016115960,15586.13,0.19,1.1938,1.1842,242.0,244.0,,,,,246.0,18369.217,193,1.12
193,0.992,33954.168,4.49,2023-12-26 12:00:00,0.38,0.961,0.448,,,40016115960,15584.951,0.19,1.1887,1.1792,242.0,244.0,,,,,246.0,18369.217,194,1.11
194,0.992,33952.985,4.55,2023-12-26 11:00:00,0.39,0.962,0.449,,,40016115960,15583.768,0.19,1.2001,1.1905,242.0,244.0,,,,,246.0,18369.217,195,1.11
195,0.992,33951.79,4.6,2023-12-26 10:00:00,0.39,0.963,0.601,,,40016115960,15582.573,0.191,1.2785,1.2683,242.0,243.0,,,,,246.0,18369.217,196,1.26
196,0.995,33950.393,4.72,2023-12-26 09:00:00,0.39,0.966,0.619,,,40016115960,15581.176,0.192,1.4407,1.4335,240.0,242.0,,,,,246.0,18369.217,197,2.12
197,0.996,33948.961,4.94,2023-12-26 08:00:00,0.39,0.972,0.654,,,40016115960,15579.744,0.191,1.8929,1.8853,240.0,242.0,,,,,246.0,18369.217,198,4.55
198,0.954,33947.384,,2023-12-26 07:00:00,,,,,,40016115960,15579.743,,1.5607,1.4889,,,,,,,,18367.641,199,
199,0.996,33945.868,,2023-12-26 06:00:00,,,,,,40016115960,15579.743,,1.3575,1.3521,,,,,,,,18366.125,200,
200,0.995,33944.388,,2023-12-26 05:00:00,,,,,,40016115960,15579.743,,1.3596,1.3528,,,,,,,,18364.645,201,
201,0.995,,,2023-12-26 04:00:00,,,,,,40016115960,,,,,,,,,,,,,202,
202,,,4.41,2023-12-25 04:00:00,0.42,0.955,0.448,,,40016115960,,0.199,,,242.0,244.0,,,,,246.0,,203,1.12
203,,,4.4,2023-12-25 03:00:00,0.38,0.962,0.446,,,40016115960,,0.191,,,243.0,245.0,,,,,247.0,,204,1.14
204,,,4.4,2023-12-25 02:00:00,0.39,0.961,0.446,,,40016115960,,0.19,,,243.0,245.0,,,,,246.0,,205,1.13
205,,33923.532,4.43,2023-12-25 01:00:00,0.39,0.962,0.447,,,40016115960,15568.766,0.191,,1.1658,242.0,244.0,,,,,246.0,18354.766,206,1.13
206,0.993,33922.365,4.4,2023-12-25 12:00:00,0.39,0.961,0.446,,,40016115960,15567.599,0.19,1.1669,1.1587,242.0,244.0,,,,,246.0,18354.766,207,1.12
207,0.993,33921.207,4.41,2023-12-25 11:00:00,0.39,0.961,0.447,,,40016115960,15566.441,0.19,1.1655,1.1573,242.0,244.0,,,,,246.0,18354.766,208,1.12
208,0.993,33920.048,4.44,2023-12-25 10:00:00,0.38,0.962,0.52,,,40016115960,15565.282,0.192,1.1984,1.19,240.0,242.0,,,,,244.0,18354.766,209,1.19
209,0.994,33918.706,4.4,2023-12-25 09:00:00,0.39,0.96,0.605,,,40016115960,15563.94,0.189,1.2292,1.2218,242.0,244.0,,,,,246.0,18354.766,210,1.27
210,0.994,33917.356,4.41,2023-12-25 08:00:00,0.39,0.96,0.64,,,40016115960,15562.59,0.19,1.6634,1.6534,243.0,244.0,,,,,247.0,18354.766,211,3.96
211,0.946,33915.954,4.42,2023-12-25 07:00:00,0.39,0.961,0.631,,,40016115960,15562.588,0.19,1.5635,1.4791,242.0,243.0,,,,,247.0,18353.366,212,2.84
212,0.994,33914.534,4.43,2023-12-25 06:00:00,0.39,0.962,0.613,,,40016115960,15562.588,0.191,1.2303,1.2229,240.0,243.0,,,,,246.0,18351.946,213,1.27
213,0.995,33913.18,4.46,2023-12-25 05:00:00,0.39,0.963,0.61,,,40016115960,15562.588,0.192,1.2362,1.23,239.0,242.0,,,,,245.0,18350.592,214,1.28
214,0.994,33911.828,4.44,2023-12-25 04:00:00,0.39,0.962,0.615,,,40016115960,15562.588,0.191,1.2285,1.2211,240.0,242.0,,,,,244.0,18349.24,215,1.26
215,0.995,33910.475,4.43,2023-12-25 03:00:00,0.39,0.961,0.629,,,40016115960,15562.588,0.19,1.4719,1.4645,242.0,243.0,,,,,246.0,18347.887,216,2.72
216,0.993,33909.127,4.43,2023-12-25 02:00:00,0.39,0.961,0.653,,,40016115960,15562.588,0.191,1.724,1.7119,242.0,242.0,,,,,246.0,18346.539,217,4.27
217,0.955,33907.665,4.45,2023-12-25 01:00:00,0.39,0.961,0.618,,,40016115960,15562.588,0.191,1.3124,1.2533,241.0,242.0,,,,,246.0,18345.077,218,1.45
218,0.993,33906.308,4.44,2023-12-25 12:00:00,0.4,0.961,0.608,,,40016115960,15562.588,0.191,1.2313,1.2227,241.0,243.0,,,,,246.0,18343.72,219,1.27
219,0.994,33904.962,4.41,2023-12-24 11:00:00,0.39,0.96,0.607,,,40016115960,15562.588,0.189,1.2324,1.225,242.0,244.0,,,,,248.0,18342.374,220,1.28
220,0.993,33903.616,4.41,2023-12-24 10:00:00,0.39,0.96,0.624,,,40016115960,15562.588,0.189,1.3979,1.3881,242.0,243.0,,,,,247.0,18341.028,221,2.28
221,0.993,33902.272,4.47,2023-12-24 09:00:00,0.38,0.962,0.678,,,40016115960,15562.588,0.193,1.7597,1.7474,238.0,239.0,,,,,243.0,18339.684,222,4.34
222,0.963,33900.897,4.53,2023-12-24 08:00:00,0.4,0.955,0.684,,,40016115960,15562.588,0.199,1.7784,1.7126,237.0,238.0,,,,,242.0,18338.309,223,4.0
223,0.955,33899.481,4.42,2023-12-24 07:00:00,0.38,0.961,0.71,,,40016115960,15562.588,0.19,2.0733,1.98,240.0,240.0,,,,,245.0,18336.893,224,5.68
224,0.993,33898.047,4.44,2023-12-24 06:00:00,0.38,0.963,0.45,,,40016115960,15562.588,0.192,1.1629,1.1548,239.0,242.0,,,,,245.0,18335.459,225,1.1
225,0.993,33896.889,4.42,2023-12-24 05:00:00,0.38,0.965,0.447,,,40016115960,15562.588,0.193,1.169,1.1608,240.0,243.0,,,,,245.0,18334.301,226,1.12
226,0.993,33895.729,4.43,2023-12-24 04:00:00,0.38,0.962,0.446,,,40016115960,15562.588,0.193,1.1674,1.1592,240.0,243.0,,,,,245.0,18333.141,227,1.12
227,0.994,33894.572,4.41,2023-12-24 03:00:00,0.38,0.963,0.447,,,40016115960,15562.588,0.192,1.1651,1.1581,241.0,243.0,,,,,245.0,18331.984,228,1.12
228,0.994,33893.413,4.42,2023-12-24 02:00:00,0.38,0.963,0.447,,,40016115960,15562.588,0.192,1.1674,1.1604,241.0,244.0,,,,,245.0,18330.825,229,1.13
229,0.992,33892.248,4.43,2023-12-24 01:00:00,0.39,0.961,0.447,,,40016115960,15562.588,0.19,1.1724,1.163,241.0,244.0,,,,,245.0,18329.66,230,1.12
230,0.993,33891.084,4.42,2023-12-24 12:00:00,0.39,0.963,0.445,,,40016115960,15562.588,0.192,1.1677,1.1595,241.0,243.0,,,,,245.0,18328.496,231,1.13
231,0.993,33889.926,4.43,2023-12-24 11:00:00,0.38,0.963,0.445,,,40016115960,15562.588,0.192,1.1653,1.1571,240.0,242.0,,,,,244.0,18327.338,232,1.12
232,0.992,33888.768,4.4,2023-12-24 10:00:00,0.39,0.96,0.445,,,40016115960,15562.588,0.189,1.1646,1.1553,242.0,244.0,,,,,247.0,18326.18,233,1.12
233,0.994,33887.609,4.4,2023-12-24 09:00:00,0.39,0.963,0.445,,,40016115960,15562.588,0.19,1.1613,1.1543,241.0,243.0,,,,,246.0,18325.021,234,1.11
234,0.936,33886.329,4.41,2023-12-24 08:00:00,0.39,0.963,0.612,,,40016115960,15562.588,0.192,1.5044,1.4081,242.0,243.0,,,,,246.0,18323.741,235,2.46
235,0.994,33884.928,,2023-12-24 07:00:00,,,,,,40016115960,15562.588,,1.2294,1.222,,,,,,,,18322.34,236,
236,0.994,33883.581,,2023-12-24 06:00:00,,,,,,40016115960,15562.588,,1.2222,1.2149,,,,,,,,18320.993,237,
237,0.995,33882.235,,2023-12-24 05:00:00,,,,,,40016115960,15562.588,,1.2221,1.216,,,,,,,,18319.647,238,
238,0.995,33880.886,,2023-12-24 04:00:00,,,,,,40016115960,15562.588,,1.6902,1.6817,,,,,,,,18318.298,239,
239,0.95,33879.503,,2023-12-24 03:00:00,,,,,,40016115960,15562.588,,1.6729,1.5893,,,,,,,,18316.915,240,
240,0.993,33878.057,,2023-12-24 02:00:00,,,,,,40016115960,15562.588,,1.2325,1.2239,,,,,,,,18315.469,241,
241,0.992,33876.71,,2023-12-24 01:00:00,,,,,,40016115960,15562.588,,1.23,1.2202,,,,,,,,18314.122,242,
242,0.993,33875.203,,2023-12-24 12:00:00,,,,,,40016115960,15562.588,,1.157,1.1489,,,,,,,,18312.615,243,
243,0.992,33874.051,,2023-12-23 11:00:00,,,,,,40016115960,15562.588,,1.1627,1.1534,,,,,,,,18311.463,244,
244,0.958,33872.896,,2023-12-23 10:00:00,,,,,,40016115960,15562.588,,1.1118,1.0651,,,,,,,,18310.308,245,
245,0.96,33871.83,,2023-12-23 09:00:00,,,,,,40016115960,15562.588,,1.1127,1.0682,,,,,,,,18309.242,246,
246,0.958,33870.763,,2023-12-23 08:00:00,,,,,,40016115960,15562.588,,1.1116,1.0649,,,,,,,,18308.175,247,
247,0.961,33869.699,,2023-12-23 07:00:00,,,,,,40016115960,15562.588,,1.1122,1.0688,,,,,,,,18307.111,248,
248,0.962,33868.63,,2023-12-23 06:00:00,,,,,,40016115960,15562.588,,1.1089,1.0668,,,,,,,,18306.042,249,
249,0.963,33867.561,,2023-12-23 05:00:00,,,,,,40016115960,15562.588,,1.1098,1.0687,,,,,,,,18304.973,250,
250,0.959,33866.492,0.09,2023-12-23 04:00:00,4.54,0.187,0.58,,,40016115960,15562.588,0.952,1.1157,1.07,140.0,139.0,,,,,241.0,18303.904,251,0.36
251,0.963,33865.423,0.09,2023-12-23 03:00:00,4.51,0.187,0.578,,,40016115960,15562.588,0.952,1.1102,1.0691,140.0,139.0,,,,,242.0,18302.835,252,0.36
252,0.962,33864.355,0.09,2023-12-23 02:00:00,4.5,0.188,0.576,,,40016115960,15562.588,0.951,1.1111,1.0689,141.0,140.0,,,,,243.0,18301.767,253,0.36
253,0.958,33863.287,0.09,2023-12-23 01:00:00,4.49,0.185,0.576,,,40016115960,15561.521,0.949,1.1149,1.0681,141.0,140.0,,,,,244.0,18301.766,254,0.36
254,0.96,33862.214,0.09,2023-12-23 12:00:00,4.44,0.186,0.571,,,40016115960,15560.448,0.948,1.1111,1.0667,143.0,142.0,,,,,246.0,18301.766,255,0.36
255,0.96,33861.146,0.09,2023-12-23 11:00:00,4.48,0.186,0.574,,,40016115960,15559.38,0.948,1.1109,1.0665,142.0,140.0,,,,,244.0,18301.766,256,0.36
256,0.959,33860.031,0.09,2023-12-23 10:00:00,4.47,0.188,0.573,,,40016115960,15558.265,0.949,1.1116,1.066,142.0,141.0,,,,,244.0,18301.766,257,0.36
257,0.956,33858.965,0.09,2023-12-23 09:00:00,4.45,0.186,0.576,,,40016115960,15557.199,0.948,1.1122,1.0633,142.0,141.0,,,,,245.0,18301.766,258,0.36
258,0.962,33857.901,0.09,2023-12-23 08:00:00,4.45,0.187,0.577,,,40016115960,15556.135,0.951,1.1051,1.0631,141.0,140.0,,,,,244.0,18301.766,259,0.36
259,0.959,33856.837,0.09,2023-12-23 07:00:00,4.44,0.189,0.751,,,40016115960,15556.134,0.951,1.2978,1.2446,141.0,141.0,,,,,245.0,18300.703,260,1.62
260,0.972,33855.39,0.09,2023-12-23 06:00:00,4.46,0.19,0.838,,,40016115960,15556.134,0.953,1.1884,1.1551,140.0,140.0,,,,,243.0,18299.256,261,0.94
261,0.971,33854.196,0.09,2023-12-23 05:00:00,4.44,0.19,0.997,,,40016115960,15556.134,0.952,1.5636,1.5183,139.0,140.0,,,,,245.0,18298.062,262,3.5
262,0.961,33852.733,0.09,2023-12-23 04:00:00,4.47,0.187,0.828,,,40016115960,15556.134,0.945,1.1419,1.0974,141.0,140.0,,,,,244.0,18296.599,263,0.56
263,0.968,33851.485,0.09,2023-12-23 03:00:00,4.47,0.188,0.998,,,40016115960,15556.134,0.946,1.5915,1.5406,139.0,139.0,,,,,244.0,18295.351,264,3.69
264,0.962,33850.139,0.09,2023-12-23 02:00:00,4.45,0.186,0.826,,,40016115960,15556.134,0.946,1.1448,1.1013,142.0,141.0,,,,,245.0,18294.005,265,0.56
265,0.969,33848.753,0.09,2023-12-23 01:00:00,4.47,0.187,0.998,,,40016115960,15556.134,0.948,1.5926,1.5432,139.0,139.0,,,,,244.0,18292.619,266,3.69
266,0.96,33847.531,0.09,2023-12-23 12:00:00,4.51,0.189,0.936,,,40016115960,15556.134,0.95,1.465,1.4064,138.0,138.0,,,,,241.0,18291.397,267,2.76
267,0.97,33846.017,0.09,2023-12-22 11:00:00,4.51,0.188,0.998,,,40016115960,15556.134,0.949,1.6022,1.5541,137.0,138.0,,,,,242.0,18289.883,268,3.83
268,0.96,33844.775,0.09,2023-12-22 10:00:00,4.52,0.186,0.58,,,40016115960,15556.134,0.95,1.1093,1.0649,140.0,139.0,,,,,241.0,18288.641,269,0.36
269,0.962,33843.709,0.09,2023-12-22 09:00:00,4.55,0.186,0.58,,,40016115960,15555.07,0.952,1.1093,1.0671,139.0,138.0,,,,,240.0,18288.639,270,0.36
270,0.962,33842.64,0.09,2023-12-22 08:00:00,4.53,0.186,0.579,,,40016115960,15554.001,0.951,1.1119,1.0696,140.0,139.0,,,,,241.0,18288.639,271,0.36
271,0.96,33841.572,0.09,2023-12-22 07:00:00,4.52,0.186,0.578,,,40016115960,15552.933,0.951,1.1153,1.0707,140.0,139.0,,,,,242.0,18288.639,272,0.36
272,0.962,33840.501,0.09,2023-12-22 06:00:00,4.56,0.189,0.585,,,40016115960,15551.862,0.953,1.1101,1.0679,139.0,138.0,,,,,239.0,18288.639,273,0.36
273,0.965,33839.43,0.09,2023-12-22 05:00:00,4.55,0.19,0.579,,,40016115960,15550.791,0.953,1.1122,1.0733,140.0,138.0,,,,,241.0,18288.639,274,0.36
274,0.963,33838.36,0.09,2023-12-22 04:00:00,4.54,0.187,0.581,,,40016115960,15549.721,0.952,1.1104,1.0693,140.0,138.0,,,,,241.0,18288.639,275,0.36
275,0.962,33837.289,0.09,2023-12-22 03:00:00,4.51,0.186,0.58,,,40016115960,15548.65,0.951,1.11,1.0678,140.0,139.0,,,,,242.0,18288.639,276,0.36
276,0.961,33836.221,0.09,2023-12-22 02:00:00,4.5,0.186,0.578,,,40016115960,15547.582,0.949,1.1107,1.0674,141.0,140.0,,,,,243.0,18288.639,277,0.36
277,0.96,33835.155,0.09,2023-12-22 01:00:00,4.49,0.186,0.577,,,40016115960,15546.516,0.949,1.1143,1.0697,142.0,140.0,,,,,244.0,18288.639,278,0.36
278,0.96,33834.081,0.09,2023-12-22 12:00:00,4.52,0.189,0.575,,,40016115960,15545.442,0.951,1.1164,1.0717,141.0,139.0,,,,,242.0,18288.639,279,0.36
279,0.959,33833.012,0.09,2023-12-22 11:00:00,4.48,0.188,0.575,,,40016115960,15544.373,0.948,1.1128,1.0672,142.0,140.0,,,,,244.0,18288.639,280,0.36
280,0.958,33831.944,0.09,2023-12-22 10:00:00,4.45,0.186,0.571,,,40016115960,15543.305,0.946,1.1118,1.0651,143.0,142.0,,,,,246.0,18288.639,281,0.36
281,0.959,33830.879,0.09,2023-12-22 09:00:00,4.45,0.187,0.573,,,40016115960,15542.24,0.947,1.1103,1.0648,142.0,141.0,,,,,245.0,18288.639,282,0.36
282,0.959,33829.815,0.09,2023-12-22 08:00:00,4.47,0.189,0.573,,,40016115960,15541.176,0.948,1.1119,1.0663,142.0,141.0,,,,,244.0,18288.639,283,0.36
283,0.969,33828.593,0.09,2023-12-22 07:00:00,4.45,0.189,0.996,,,40016115960,15541.175,0.948,1.5506,1.5025,139.0,140.0,,,,,245.0,18287.418,284,3.41
284,0.964,33827.175,0.09,2023-12-22 06:00:00,4.48,0.19,0.822,,,40016115960,15541.175,0.95,1.1424,1.1013,140.0,140.0,,,,,243.0,18286.0,285,0.56
285,0.97,33825.898,0.09,2023-12-22 05:00:00,4.45,0.189,0.997,,,40016115960,15541.175,0.948,1.5636,1.5167,139.0,140.0,,,,,245.0,18284.723,286,3.49
286,0.966,33824.535,0.09,2023-12-22 04:00:00,4.58,0.188,0.832,,,40016115960,15541.175,0.952,1.1577,1.1183,139.0,139.0,,,,,241.0,18283.36,287,0.56
287,0.969,33823.168,0.09,2023-12-22 03:00:00,4.48,0.187,0.998,,,40016115960,15541.175,0.949,1.5911,1.5418,139.0,139.0,,,,,243.0,18281.993,288,3.69
288,0.963,33821.927,0.09,2023-12-22 02:00:00,4.52,0.187,0.909,,,40016115960,15541.175,0.95,1.364,1.3135,138.0,138.0,,,,,241.0,18280.752,289,2.09
289,0.965,33820.456,0.09,2023-12-22 01:00:00,4.53,0.187,0.83,,,40016115960,15541.175,0.952,1.136,1.0962,138.0,138.0,,,,,239.0,18279.281,290,0.55
290,0.972,33819.267,0.09,2023-12-22 12:00:00,4.48,0.187,0.999,,,40016115960,15541.175,0.949,1.6056,1.5606,139.0,139.0,,,,,244.0,18278.092,291,3.78
291,0.976,33817.691,0.09,2023-12-21 11:00:00,4.51,0.187,0.705,,,40016115960,15541.175,0.949,1.2601,1.2299,140.0,139.0,,,,,243.0,18276.516,292,1.49
292,0.959,33816.585,0.09,2023-12-21 10:00:00,4.51,0.184,0.582,,,40016115960,15541.175,0.948,1.11,1.0645,140.0,139.0,,,,,242.0,18275.41,293,0.35
293,0.964,33815.518,0.09,2023-12-21 09:00:00,4.59,0.188,0.581,,,40016115960,15540.109,0.953,1.113,1.0729,138.0,137.0,,,,,239.0,18275.409,294,0.36
294,0.964,33814.446,0.09,2023-12-21 08:00:00,4.55,0.187,0.582,,,40016115960,15539.037,0.952,1.1127,1.0726,140.0,138.0,,,,,240.0,18275.409,295,0.36
295,0.962,33813.373,0.09,2023-12-21 07:00:00,4.57,0.187,0.584,,,40016115960,15537.964,0.953,1.1144,1.0721,139.0,138.0,,,,,239.0,18275.409,296,0.36
296,0.963,33812.299,0.09,2023-12-21 06:00:00,4.58,0.189,0.58,,,40016115960,15536.89,0.953,1.1175,1.0762,139.0,138.0,,,,,240.0,18275.409,297,0.36
297,0.963,33811.223,0.09,2023-12-21 05:00:00,4.54,0.187,0.579,,,40016115960,15535.814,0.952,1.1162,1.0749,140.0,139.0,,,,,242.0,18275.409,298,0.36
298,0.964,33810.146,0.09,2023-12-21 04:00:00,4.57,0.188,0.581,,,40016115960,15534.737,0.953,1.1165,1.0763,140.0,138.0,,,,,241.0,18275.409,299,0.36
299,0.962,33809.071,0.09,2023-12-21 03:00:00,4.54,0.188,0.578,,,40016115960,15533.662,0.952,1.1187,1.0762,141.0,139.0,,,,,242.0,18275.409,300,0.36
300,0.961,33807.995,0.09,2023-12-21 02:00:00,4.53,0.187,0.578,,,40016115960,15532.586,0.951,1.1188,1.0752,141.0,139.0,,,,,243.0,18275.409,301,0.36
301,0.96,33806.921,0.09,2023-12-21 01:00:00,4.53,0.187,0.578,,,40016115960,15531.512,0.951,1.1207,1.0759,141.0,140.0,,,,,243.0,18275.409,302,0.36
302,0.96,33805.843,0.09,2023-12-21 12:00:00,4.52,0.186,0.58,,,40016115960,15530.434,0.95,1.116,1.0714,141.0,139.0,,,,,243.0,18275.409,303,0.36
303,0.96,33804.771,0.09,2023-12-21 11:00:00,4.49,0.186,0.577,,,40016115960,15529.362,0.948,1.1167,1.072,142.0,141.0,,,,,244.0,18275.409,304,0.36
304,0.959,33803.699,0.09,2023-12-21 10:00:00,4.51,0.189,0.573,,,40016115960,15528.29,0.949,1.1203,1.0744,142.0,140.0,,,,,244.0,18275.409,305,0.36
305,0.958,33802.627,0.09,2023-12-21 09:00:00,4.47,0.187,0.576,,,40016115960,15527.218,0.946,1.1158,1.0689,142.0,141.0,,,,,245.0,18275.409,306,0.36
306,0.959,33801.557,0.09,2023-12-21 08:00:00,4.51,0.19,0.578,,,40016115960,15526.148,0.949,1.1152,1.0695,141.0,139.0,,,,,243.0,18275.409,307,0.36
307,0.96,33800.488,0.09,2023-12-21 07:00:00,4.48,0.189,0.574,,,40016115960,15526.147,0.948,1.1139,1.0693,142.0,140.0,,,,,244.0,18274.341,308,0.36
308,0.958,33799.42,0.09,2023-12-21 06:00:00,4.48,0.189,0.575,,,40016115960,15526.147,0.948,1.1149,1.0681,141.0,140.0,,,,,244.0,18273.273,309,0.36
309,0.97,33798.344,0.09,2023-12-21 05:00:00,4.52,0.192,0.997,,,40016115960,15526.147,0.951,1.5442,1.4979,137.0,137.0,,,,,241.0,18272.197,310,3.42
310,0.964,33796.948,0.09,2023-12-21 04:00:00,4.5,0.188,0.828,,,40016115960,15526.147,0.949,1.1406,1.0995,140.0,139.0,,,,,242.0,18270.801,311,0.56
311,0.971,33795.639,0.09,2023-12-21 03:00:00,4.5,0.189,0.998,,,40016115960,15526.147,0.948,1.5821,1.5362,138.0,138.0,,,,,243.0,18269.492,312,3.65
312,0.962,33794.366,0.09,2023-12-21 02:00:00,4.47,0.184,0.85,,,40016115960,15526.147,0.947,1.215,1.1688,141.0,140.0,,,,,245.0,18268.219,313,1.04
313,0.973,33792.952,0.09,2023-12-21 01:00:00,4.55,0.189,0.999,,,40016115960,15526.147,0.95,1.5942,1.5512,137.0,137.0,,,,,241.0,18266.805,314,3.77
314,0.961,33791.496,0.09,2023-12-21 12:00:00,4.56,0.188,0.576,,,40016115960,15526.147,0.95,1.1125,1.0691,140.0,139.0,,,,,241.0,18265.349,315,0.36
